{
    "parameters": {
        "out_path": "/workspace/biodivinfo/Session1",
        "cpu": "4",
        "force": "False",
        "restart": "False",
        "quiet": "False",
        "download_path": "/workspace/biodivinfo/Session1/busco_downloads",
        "datasets_version": "odb10",
        "offline": "False",
        "download_base_url": "https://busco-data.ezlab.org/v5/data/",
        "auto-lineage": "False",
        "auto-lineage-prok": "False",
        "auto-lineage-euk": "False",
        "use_augustus": "False",
        "use_miniprot": "False",
        "use_metaeuk": "False",
        "skip_bbtools": "False",
        "batch_mode": "False",
        "tar": "False",
        "opt-out-run-stats": "False",
        "in": "/workspace/biodivinfo/Session1/ncbi_dataset/data/GCF_000006295.1/protein.faa",
        "out": "Pediculus",
        "mode": "proteins",
        "lineage_dataset": "/workspace/biodivinfo/Session1/busco_downloads/lineages/arthropoda_odb10",
        "main_out": "/workspace/biodivinfo/Session1/Pediculus",
        "lineage_results_dir": "run_arthropoda_odb10",
        "domain": "eukaryota",
        "orthodb_version": "10.1"
    },
    "lineage_dataset": {
        "name": "arthropoda_odb10",
        "creation_date": "2024-01-08",
        "number_of_buscos": "1013",
        "number_of_species": "90"
    },
    "versions": {
        "hmmsearch": 3.1,
        "python": [
            3,
            9,
            19,
            "final",
            0
        ],
        "busco": "5.7.1"
    },
    "results": {
        "one_line_summary": "C:96.4%[S:96.0%,D:0.4%],F:2.9%,M:0.7%,n:1013",
        "Complete percentage": 96.4,
        "Complete BUSCOs": 976,
        "Single copy percentage": 96.0,
        "Single copy BUSCOs": 972,
        "Multi copy percentage": 0.4,
        "Multi copy BUSCOs": 4,
        "Fragmented percentage": 2.9,
        "Fragmented BUSCOs": 29,
        "Missing percentage": 0.7,
        "Missing BUSCOs": 8,
        "n_markers": 1013,
        "avg_identity": null,
        "domain": "eukaryota",
        "internal_stop_codon_count": 0,
        "internal_stop_codon_percent": 0
    }
}