# BUSCO version is: 5.7.1 
# The lineage dataset is: eukaryota_odb10 (Creation date: 2024-01-08, number of genomes: 70, number of BUSCOs: 255)
# Busco id	Status	Sequence	Gene Start	Gene End	Strand	Score	Length	OrthoDB url	Description
39650at2759	Complete	LT986476.1	141034	147693	+	1944.8	1467	https://v10-1.orthodb.org/?query=39650at2759	DNA polymerase epsilon catalytic subunit
83779at2759	Complete	LT986462.1	83994	85556	+	200.2	221	https://v10-1.orthodb.org/?query=83779at2759	Asparagine synthase
87842at2759	Complete	LT986474.1	429193	431949	+	327.7	590	https://v10-1.orthodb.org/?query=87842at2759	Pep3/Vps18/deep orange
97116at2759	Complete	LT986462.1	184283	180288	-	560.5	848	https://v10-1.orthodb.org/?query=97116at2759	WD40/YVTN repeat-like-containing domain superfamily
100698at2759	Complete	LT986466.1	78753	76225	-	832.1	497	https://v10-1.orthodb.org/?query=100698at2759	Helicase, C-terminal
142542at2759	Duplicated	LT986464.1	211511	125994	-	482.8	629	https://v10-1.orthodb.org/?query=142542at2759	Transcription initiation factor TFIID subunit 2
142542at2759	Duplicated	LT986464.1	305995	301808	-	481.5	629	https://v10-1.orthodb.org/?query=142542at2759	Transcription initiation factor TFIID subunit 2
156083at2759	Complete	LT986471.1	416511	409267	-	3212.4	1937	https://v10-1.orthodb.org/?query=156083at2759	Pre-mRNA-processing-splicing factor 8
160593at2759	Complete	LT986470.1	126477	134492	+	1340.6	1237	https://v10-1.orthodb.org/?query=160593at2759	Translational activator Gcn1
166920at2759	Complete	LT986475.1	186663	183139	-	573.7	737	https://v10-1.orthodb.org/?query=166920at2759	Condensin complex subunit 1
176625at2759	Complete	LT986469.1	292835	296548	+	250.3	382	https://v10-1.orthodb.org/?query=176625at2759	Nrap protein, domain 3
179362at2759	Complete	LT986476.1	168289	172224	+	684.3	937	https://v10-1.orthodb.org/?query=179362at2759	Rad50/SbcC-type AAA domain
245208at2759	Complete	LT986461.1	713524	716436	+	1175.1	808	https://v10-1.orthodb.org/?query=245208at2759	Splicing factor 3B subunit 1
257318at2759	Complete	LT986466.1	189961	187796	-	291.6	298	https://v10-1.orthodb.org/?query=257318at2759	digestive organ expansion factor homolog
261328at2759	Missing
261419at2759	Missing
270107at2759	Complete	LT986473.1	130732	127976	-	540.4	601	https://v10-1.orthodb.org/?query=270107at2759	GPI ethanolamine phosphate transferase 1
271586at2759	Complete	LT986469.1	222477	219403	-	221.8	404	https://v10-1.orthodb.org/?query=271586at2759	Tetratricopeptide repeat
290630at2759	Complete	LT986464.1	229488	226720	-	696.0	460	https://v10-1.orthodb.org/?query=290630at2759	WD40 repeat
293315at2759	Complete	LT986476.1	423623	428038	+	556.1	584	https://v10-1.orthodb.org/?query=293315at2759	DNA polymerase
296129at2759	Complete	LT986476.1	368724	371891	+	1047.3	710	https://v10-1.orthodb.org/?query=296129at2759	RNA cytidine acetyltransferase
299766at2759	Complete	LT986477.1	944877	947819	+	353.2	436	https://v10-1.orthodb.org/?query=299766at2759	DNA polymerase, Y-family, little finger domain
306227at2759	Complete	LT986475.1	394205	396844	+	432.3	478	https://v10-1.orthodb.org/?query=306227at2759	Vacuole morphology and inheritance protein 14
320059at2759	Complete	LT986478.1	380086	378416	-	865.0	451	https://v10-1.orthodb.org/?query=320059at2759	Radical SAM
324863at2759	Complete	LT986478.1	494452	497709	+	519.5	519	https://v10-1.orthodb.org/?query=324863at2759	RuvA domain 2-like
325552at2759	Complete	LT986461.1	321612	319768	-	324.7	425	https://v10-1.orthodb.org/?query=325552at2759	WD40 repeat
330169at2759	Complete	LT986476.1	661670	663316	+	244.3	316	https://v10-1.orthodb.org/?query=330169at2759	Mannosyltransferase
331411at2759	Complete	LT986461.1	261098	263128	+	261.6	395	https://v10-1.orthodb.org/?query=331411at2759	Tetratricopeptide-like helical domain superfamily
341721at2759	Complete	LT986474.1	155571	153589	-	242.1	374	https://v10-1.orthodb.org/?query=341721at2759	Nucleolar complex-associated protein 3
345441at2759	Complete	LT986468.1	44454	46118	+	413.9	378	https://v10-1.orthodb.org/?query=345441at2759	Phosphoacetylglucosamine mutase
355408at2759	Complete	LT986474.1	377646	375586	-	515.7	537	https://v10-1.orthodb.org/?query=355408at2759	Tetratricopeptide repeat-containing domain
369837at2759	Complete	LT986465.1	848101	850233	+	301.2	376	https://v10-1.orthodb.org/?query=369837at2759	Translation initiation factor eIF-2B subunit epsilon
375960at2759	Complete	LT986478.1	869627	871693	+	237.8	339	https://v10-1.orthodb.org/?query=375960at2759	DNA polymerase epsilon subunit
383503at2759	Complete	LT986465.1	389989	391578	+	171.2	345	https://v10-1.orthodb.org/?query=383503at2759	Splicing factor 3A subunit 3
388820at2759	Complete	LT986475.1	437574	434758	-	520.0	588	https://v10-1.orthodb.org/?query=388820at2759	WD40 repeat
390348at2759	Complete	LT986461.1	506958	510056	+	1092.2	734	https://v10-1.orthodb.org/?query=390348at2759	Pyridoxal phosphate-dependent transferase
392369at2759	Complete	LT986461.1	570973	572547	+	420.4	341	https://v10-1.orthodb.org/?query=392369at2759	GMP synthase, C-terminal
396755at2759	Complete	LT986477.1	45414	42184	-	317.3	603	https://v10-1.orthodb.org/?query=396755at2759	Tetratricopeptide repeat
418107at2759	Complete	LT986474.1	126930	128393	+	450.6	340	https://v10-1.orthodb.org/?query=418107at2759	WD40-repeat-containing domain
426305at2759	Complete	LT986469.1	602884	600581	-	429.4	473	https://v10-1.orthodb.org/?query=426305at2759	Sda1
450058at2759	Complete	LT986465.1	703937	705925	+	79.1	248	https://v10-1.orthodb.org/?query=450058at2759	Reduced growth phenotype protein 1
453044at2759	Complete	LT986469.1	536035	537492	+	356.8	291	https://v10-1.orthodb.org/?query=453044at2759	Zinc finger, ZPR1-type
457861at2759	Fragmented	LT986478.1	263912	264793	+	39.4	78	https://v10-1.orthodb.org/?query=457861at2759	Autophagy protein 5
464990at2759	Complete	LT986469.1	229636	231561	+	276.1	347	https://v10-1.orthodb.org/?query=464990at2759	Eukaryotic translation initiation factor 2A
491869at2759	Missing
513979at2759	Complete	LT986463.1	152918	150804	-	132.2	224	https://v10-1.orthodb.org/?query=513979at2759	DNA polymerase alpha subunit B
543764at2759	Complete	LT986476.1	505181	503748	-	158.3	243	https://v10-1.orthodb.org/?query=543764at2759	tRNA (adenine(58)-N(1))-methyltransferase non-catalytic subunit TRM6
549762at2759	Complete	LT986471.1	425357	427243	+	479.7	376	https://v10-1.orthodb.org/?query=549762at2759	Ubiquitin-like modifier-activating enzyme Atg7
551907at2759	Complete	LT986465.1	550667	553747	+	280.5	338	https://v10-1.orthodb.org/?query=551907at2759	CCAAT-binding factor
570797at2759	Complete	LT986474.1	391508	388959	-	297.7	497	https://v10-1.orthodb.org/?query=570797at2759	Winged helix-like DNA-binding domain superfamily
582756at2759	Complete	LT986463.1	181559	183280	+	233.9	351	https://v10-1.orthodb.org/?query=582756at2759	RFT1
598949at2759	Complete	LT986478.1	170551	173274	+	247.9	371	https://v10-1.orthodb.org/?query=598949at2759	AP-3 complex subunit delta
604979at2759	Complete	LT986476.1	37282	38667	+	350.3	285	https://v10-1.orthodb.org/?query=604979at2759	WD40-repeat-containing domain
621827at2759	Complete	LT986461.1	322151	323689	+	253.3	347	https://v10-1.orthodb.org/?query=621827at2759	WD40-repeat-containing domain
625387at2759	Complete	LT986465.1	646903	648996	+	134.6	353	https://v10-1.orthodb.org/?query=625387at2759	TRAPP III complex, Trs85
655400at2759	Complete	LT986469.1	624661	623225	-	235.2	258	https://v10-1.orthodb.org/?query=655400at2759	Ubiquinone biosynthesis monooxygenase COQ6
664730at2759	Complete	LT986464.1	100894	99404	-	606.8	348	https://v10-1.orthodb.org/?query=664730at2759	Pyridoxal phosphate-dependent transferase
671536at2759	Complete	LT986469.1	364068	362530	-	398.7	365	https://v10-1.orthodb.org/?query=671536at2759	Tetratricopeptide repeat
671846at2759	Complete	LT986465.1	241511	243694	+	132.5	366	https://v10-1.orthodb.org/?query=671846at2759	Nuclear pore protein 84/107
673132at2759	Complete	LT986465.1	478939	477743	-	268.4	274	https://v10-1.orthodb.org/?query=673132at2759	Aminomethyltransferase
674160at2759	Complete	LT986463.1	220692	228170	+	616.1	918	https://v10-1.orthodb.org/?query=674160at2759	Armadillo-type fold
674169at2759	Complete	LT986468.1	538207	540183	+	133.4	263	https://v10-1.orthodb.org/?query=674169at2759	P-loop containing nucleoside triphosphate hydrolase
679187at2759	Missing
679771at2759	Missing
687505at2759	Complete	LT986461.1	564465	565595	+	136.6	212	https://v10-1.orthodb.org/?query=687505at2759	DnaJ domain
692986at2759	Complete	LT986468.1	492825	495227	+	190.7	336	https://v10-1.orthodb.org/?query=692986at2759	Conserved oligomeric Golgi complex, subunit 3
708105at2759	Complete	LT986478.1	542068	543186	+	156.2	202	https://v10-1.orthodb.org/?query=708105at2759	Histone acetyltransferase type B catalytic subunit
719531at2759	Complete	LT986478.1	211613	212959	+	363.9	282	https://v10-1.orthodb.org/?query=719531at2759	PIGA, GPI anchor biosynthesis
720340at2759	Complete	LT986475.1	452473	451289	-	154.8	213	https://v10-1.orthodb.org/?query=720340at2759	Cell division control protein 73, C-terminal
721605at2759	Missing
722805at2759	Complete	LT986465.1	584059	587034	+	196.0	380	https://v10-1.orthodb.org/?query=722805at2759	WD40/YVTN repeat-like-containing domain superfamily
734341at2759	Complete	LT986472.1	81947	80973	-	65.5	152	https://v10-1.orthodb.org/?query=734341at2759	ATP12, ATP synthase F1-assembly protein
734666at2759	Complete	LT986471.1	423460	425013	+	488.9	369	https://v10-1.orthodb.org/?query=734666at2759	60S ribosomal export protein NMD3
736068at2759	Complete	LT986472.1	452655	454112	+	256.8	317	https://v10-1.orthodb.org/?query=736068at2759	DNA polymerase alpha/delta/epsilon, subunit B
751335at2759	Complete	LT986478.1	633217	634650	+	160.3	293	https://v10-1.orthodb.org/?query=751335at2759	ATPase, V1 complex, subunit H
759498at2759	Complete	LT986461.1	244433	242025	-	539.1	422	https://v10-1.orthodb.org/?query=759498at2759	WD40-repeat-containing domain
761109at2759	Complete	LT986471.1	418645	416768	-	371.5	361	https://v10-1.orthodb.org/?query=761109at2759	Tetratricopeptide repeat
768809at2759	Complete	LT986474.1	159388	160770	+	252.7	230	https://v10-1.orthodb.org/?query=768809at2759	Zinc finger C2H2-type
774318at2759	Complete	LT986463.1	70060	68702	-	269.0	269	https://v10-1.orthodb.org/?query=774318at2759	Dol-P-Man
777920at2759	Complete	LT986469.1	325906	327723	+	409.8	339	https://v10-1.orthodb.org/?query=777920at2759	Pescadillo
779909at2759	Complete	LT986476.1	601600	602508	+	258.0	226	https://v10-1.orthodb.org/?query=779909at2759	WD40 repeat
801857at2759	Complete	LT986476.1	636245	637396	+	203.3	196	https://v10-1.orthodb.org/?query=801857at2759	tRNA-dihydrouridine synthase
814241at2759	Complete	LT986477.1	769481	768147	-	200.4	319	https://v10-1.orthodb.org/?query=814241at2759	Clp1, N-terminal beta-sandwich domain
817008at2759	Complete	LT986477.1	124944	123649	-	468.1	297	https://v10-1.orthodb.org/?query=817008at2759	Aminoacyl-tRNA synthetase, class Ic
834694at2759	Complete	LT986461.1	589850	587772	-	392.7	323	https://v10-1.orthodb.org/?query=834694at2759	Mre11, DNA-binding
836599at2759	Complete	LT986468.1	202944	204512	+	332.4	292	https://v10-1.orthodb.org/?query=836599at2759	26S proteasome non-ATPase regulatory subunit 3
844748at2759	Complete	LT986476.1	571880	570429	-	201.5	313	https://v10-1.orthodb.org/?query=844748at2759	Bacterial surface antigen (D15)
855834at2759	Complete	LT986473.1	199187	201070	+	157.8	305	https://v10-1.orthodb.org/?query=855834at2759	RNA polymerase I specific transcription initiation factor RRN3
858842at2759	Complete	LT986476.1	215457	213688	-	222.4	230	https://v10-1.orthodb.org/?query=858842at2759	DnaJ domain
865202at2759	Complete	LT986473.1	479254	478340	-	190.5	178	https://v10-1.orthodb.org/?query=865202at2759	Initiation factor 2B-related
866359at2759	Complete	LT986461.1	425411	424371	-	335.3	260	https://v10-1.orthodb.org/?query=866359at2759	Eukaryotic translation initiation factor 3 subunit I
869548at2759	Complete	LT986478.1	541788	541090	-	171.7	186	https://v10-1.orthodb.org/?query=869548at2759	Winged helix-like DNA-binding domain superfamily
878143at2759	Complete	LT986472.1	637878	639236	+	343.4	331	https://v10-1.orthodb.org/?query=878143at2759	CAAX prenyl protease 1
887370at2759	Complete	LT986471.1	462306	460477	-	289.8	306	https://v10-1.orthodb.org/?query=887370at2759	GPI transamidase component PIG-T
891751at2759	Complete	LT986478.1	806519	804864	-	242.2	219	https://v10-1.orthodb.org/?query=891751at2759	CCAAT-binding factor
898782at2759	Complete	LT986463.1	73747	72125	-	246.6	304	https://v10-1.orthodb.org/?query=898782at2759	Aspartyl/glutamyl-tRNA(Asn/Gln) amidotransferase, B subunit
901894at2759	Complete	LT986470.1	232776	230932	-	221.7	319	https://v10-1.orthodb.org/?query=901894at2759	Mannosyltransferase
905026at2759	Complete	LT986473.1	386684	384297	-	310.2	398	https://v10-1.orthodb.org/?query=905026at2759	Tetratricopeptide repeat
911863at2759	Complete	LT986471.1	227887	226688	-	169.1	184	https://v10-1.orthodb.org/?query=911863at2759	Protein phosphatase methylesterase 1
917326at2759	Complete	LT986465.1	813694	815688	+	371.0	426	https://v10-1.orthodb.org/?query=917326at2759	Sec1-like protein
918816at2759	Complete	LT986470.1	493715	492291	-	104.6	212	https://v10-1.orthodb.org/?query=918816at2759	DNA methyltransferase 1-associated 1
919955at2759	Complete	LT986465.1	1266452	1267630	+	227.9	240	https://v10-1.orthodb.org/?query=919955at2759	26S Proteasome non-ATPase regulatory subunit 13
923657at2759	Complete	LT986469.1	342555	343721	+	141.9	162	https://v10-1.orthodb.org/?query=923657at2759	Surfeit locus 1/Shy1
924753at2759	Complete	LT986477.1	79374	78076	-	194.8	232	https://v10-1.orthodb.org/?query=924753at2759	tRNA guanosine-2'-O-methyltransferase, TRM11
931188at2759	Complete	LT986469.1	167751	166411	-	281.8	346	https://v10-1.orthodb.org/?query=931188at2759	Zinc finger, RING/FYVE/PHD-type
937275at2759	Complete	LT986465.1	762596	763933	+	59.7	86	https://v10-1.orthodb.org/?query=937275at2759	tRNA (guanine-N(7)-)-methyltransferase non-catalytic subunit
937686at2759	Complete	LT986465.1	181085	182419	+	370.7	338	https://v10-1.orthodb.org/?query=937686at2759	Winged helix-like DNA-binding domain superfamily
939345at2759	Complete	LT986465.1	450247	449069	-	79.6	100	https://v10-1.orthodb.org/?query=939345at2759	Repressor of RNA polymerase III transcription MAF1
944899at2759	Complete	LT986464.1	30337	29390	-	363.7	230	https://v10-1.orthodb.org/?query=944899at2759	KRR1 small subunit processome component
946128at2759	Complete	LT986465.1	1041756	1043681	+	291.2	446	https://v10-1.orthodb.org/?query=946128at2759	TFIIH p62 subunit, N-terminal
956854at2759	Missing
973442at2759	Complete	LT986478.1	353837	355213	+	89.1	166	https://v10-1.orthodb.org/?query=973442at2759	Elongator complex protein 4
974865at2759	Complete	LT986473.1	583309	582278	-	213.5	227	https://v10-1.orthodb.org/?query=974865at2759	Brix domain
975158at2759	Complete	LT986468.1	153299	152010	-	147.1	225	https://v10-1.orthodb.org/?query=975158at2759	Dolichyl-diphosphooligosaccharide--protein glycosyltransferase 48kDa subunit
975557at2759	Complete	LT986461.1	562484	564250	+	363.7	413	https://v10-1.orthodb.org/?query=975557at2759	cell division cycle 5-like protein
976469at2759	Missing
981902at2759	Complete	LT986475.1	449375	451084	+	102.0	200	https://v10-1.orthodb.org/?query=981902at2759	Winged helix-like DNA-binding domain superfamily
996662at2759	Complete	LT986465.1	977852	978763	+	199.8	213	https://v10-1.orthodb.org/?query=996662at2759	Exoribonuclease, phosphorolytic domain 1
1001705at2759	Complete	LT986461.1	149624	150901	+	178.6	260	https://v10-1.orthodb.org/?query=1001705at2759	WD40 repeat
1003258at2759	Complete	LT986472.1	463729	464937	+	262.7	284	https://v10-1.orthodb.org/?query=1003258at2759	GPI mannosyltransferase 1
1010730at2759	Complete	LT986476.1	248343	249602	+	381.3	274	https://v10-1.orthodb.org/?query=1010730at2759	Winged helix-like DNA-binding domain superfamily
1014314at2759	Complete	LT986474.1	392841	395651	+	108.9	170	https://v10-1.orthodb.org/?query=1014314at2759	WD40-repeat-containing domain
1018517at2759	Complete	LT986475.1	9063	8164	-	299.7	203	https://v10-1.orthodb.org/?query=1018517at2759	Tetrapyrrole methylase
1019762at2759	Complete	LT986478.1	82635	84431	+	100.0	301	https://v10-1.orthodb.org/?query=1019762at2759	Signal recognition particle subunit SRP68
1025450at2759	Complete	LT986466.1	377210	378499	+	169.0	301	https://v10-1.orthodb.org/?query=1025450at2759	WD40 repeat
1030907at2759	Complete	LT986477.1	619096	618161	-	241.9	274	https://v10-1.orthodb.org/?query=1030907at2759	Golgi to ER traffic protein 4
1032689at2759	Complete	LT986472.1	180311	179163	-	177.8	156	https://v10-1.orthodb.org/?query=1032689at2759	tRNA (1-methyladenosine) methyltransferase catalytic subunit Gcd14
1038775at2759	Missing
1041560at2759	Complete	LT986466.1	306917	308209	+	197.7	251	https://v10-1.orthodb.org/?query=1041560at2759	Mitochondrial import inner membrane translocase subunit TIM44
1049599at2759	Missing
1051021at2759	Complete	LT986476.1	526699	528342	+	283.9	279	https://v10-1.orthodb.org/?query=1051021at2759	ALG11 mannosyltransferase
1053181at2759	Missing
1057950at2759	Complete	LT986472.1	455893	456903	+	218.9	227	https://v10-1.orthodb.org/?query=1057950at2759	MEMO1 family
1065019at2759	Complete	LT986476.1	684772	685959	+	305.3	250	https://v10-1.orthodb.org/?query=1065019at2759	Diphosphomevalonate decarboxylase
1076134at2759	Complete	LT986466.1	281529	280669	-	202.4	184	https://v10-1.orthodb.org/?query=1076134at2759	F-actin-capping protein subunit alpha/beta
1079130at2759	Complete	LT986463.1	695655	694312	-	303.4	244	https://v10-1.orthodb.org/?query=1079130at2759	Glycosyl transferase, family 4
1079827at2759	Complete	LT986468.1	419941	419159	-	338.8	223	https://v10-1.orthodb.org/?query=1079827at2759	Ribosomal biogenesis NSA2 family
1085752at2759	Complete	LT986478.1	314796	316469	+	165.4	221	https://v10-1.orthodb.org/?query=1085752at2759	Atg6/Beclin
1087488at2759	Complete	LT986466.1	177201	178751	+	144.8	233	https://v10-1.orthodb.org/?query=1087488at2759	CTLH, C-terminal LisH motif
1090038at2759	Complete	LT986472.1	346611	347834	+	125.5	130	https://v10-1.orthodb.org/?query=1090038at2759	Lipoyltransferase/lipoate-protein ligase
1094121at2759	Complete	LT986472.1	614381	613767	-	99.0	119	https://v10-1.orthodb.org/?query=1094121at2759	ESCRT-II complex, Vps25 subunit
1096688at2759	Complete	LT986472.1	565754	564588	-	335.1	211	https://v10-1.orthodb.org/?query=1096688at2759	GPN-loop GTPase
1106766at2759	Complete	LT986463.1	567785	566046	-	160.5	212	https://v10-1.orthodb.org/?query=1106766at2759	Nuclear pore localisation protein NPL4, C-terminal
1107630at2759	Complete	LT986478.1	137544	114600	-	254.7	208	https://v10-1.orthodb.org/?query=1107630at2759	Dolichyl-phosphate beta-glucosyltransferase
1108845at2759	Missing
1111142at2759	Complete	LT986463.1	474992	473061	-	136.8	278	https://v10-1.orthodb.org/?query=1111142at2759	Transcription factor IIIC subunit 5, HTH domain
1112002at2759	Complete	LT986475.1	89050	86600	-	392.1	516	https://v10-1.orthodb.org/?query=1112002at2759	WD40 repeat
1115196at2759	Complete	LT986478.1	647026	648432	+	354.0	246	https://v10-1.orthodb.org/?query=1115196at2759	Ferrodoxin-fold anticodon-binding domain
1128607at2759	Complete	LT986478.1	552128	551103	-	288.7	207	https://v10-1.orthodb.org/?query=1128607at2759	Electron transfer flavoprotein, alpha subunit, C-terminal
1129824at2759	Complete	LT986470.1	453651	453100	-	85.4	133	https://v10-1.orthodb.org/?query=1129824at2759	Co-chaperone Hsc20
1138059at2759	Complete	LT986464.1	217796	216972	-	284.3	206	https://v10-1.orthodb.org/?query=1138059at2759	Methyltransferase type 11
1157302at2759	Complete	LT986478.1	580901	580167	-	367.1	203	https://v10-1.orthodb.org/?query=1157302at2759	Eukaryotic translation initiation factor 6
1161199at2759	Complete	LT986466.1	208377	209261	+	31.3	120	https://v10-1.orthodb.org/?query=1161199at2759	Coatomer subunit epsilon
1173229at2759	Complete	LT986478.1	852006	853529	+	59.4	193	https://v10-1.orthodb.org/?query=1173229at2759	WD40 repeat
1178688at2759	Complete	LT986465.1	1015612	1014977	-	93.8	140	https://v10-1.orthodb.org/?query=1178688at2759	ATPase, OSCP/delta subunit
1182451at2759	Complete	LT986477.1	278382	277243	-	120.9	145	https://v10-1.orthodb.org/?query=1182451at2759	SNARE
1193442at2759	Complete	LT986463.1	703289	701850	-	292.9	257	https://v10-1.orthodb.org/?query=1193442at2759	Bystin
1194691at2759	Complete	LT986478.1	732922	734208	+	298.4	288	https://v10-1.orthodb.org/?query=1194691at2759	26S Proteasome non-ATPase regulatory subunit 6
1194797at2759	Complete	LT986477.1	980627	978429	-	303.9	414	https://v10-1.orthodb.org/?query=1194797at2759	Eukaryotic translation initiation factor 3 subunit B
1197019at2759	Complete	LT986472.1	385250	385837	+	148.9	147	https://v10-1.orthodb.org/?query=1197019at2759	HORMA domain
1200489at2759	Complete	LT986476.1	207897	208775	+	102.1	102	https://v10-1.orthodb.org/?query=1200489at2759	Exosome complex component CSL4, C-terminal
1217666at2759	Complete	LT986474.1	183797	183048	-	203.6	151	https://v10-1.orthodb.org/?query=1217666at2759	Ribosome maturation protein SBDS, N-terminal
1220881at2759	Complete	LT986478.1	660635	661648	+	102.6	162	https://v10-1.orthodb.org/?query=1220881at2759	TFIIH subunit Tfb4/GTF2H3
1222562at2759	Complete	LT986477.1	325025	324087	-	160.5	115	https://v10-1.orthodb.org/?query=1222562at2759	Ribosome biogenesis protein
1223488at2759	Complete	LT986477.1	251343	252083	+	59.2	77	https://v10-1.orthodb.org/?query=1223488at2759	OPI10 family
1228942at2759	Complete	LT986470.1	612498	611701	-	190.1	163	https://v10-1.orthodb.org/?query=1228942at2759	Proteasome subunit beta
1233814at2759	Complete	LT986471.1	113502	114464	+	157.4	154	https://v10-1.orthodb.org/?query=1233814at2759	Vacuolar protein sorting-associated protein 29
1236198at2759	Complete	LT986464.1	235364	235834	+	153.6	123	https://v10-1.orthodb.org/?query=1236198at2759	G10 protein
1247641at2759	Complete	LT986469.1	545320	543494	-	137.1	172	https://v10-1.orthodb.org/?query=1247641at2759	N-acetylglucosaminyl transferase component
1248958at2759	Complete	LT986470.1	44985	47864	+	573.6	616	https://v10-1.orthodb.org/?query=1248958at2759	Exportin-2, central domain
1249159at2759	Complete	LT986465.1	466069	466692	+	117.1	151	https://v10-1.orthodb.org/?query=1249159at2759	GINS complex, subunit Psf1
1251252at2759	Complete	LT986471.1	197974	197090	-	72.8	80	https://v10-1.orthodb.org/?query=1251252at2759	Mediator complex, subunit Med6
1257440at2759	Complete	LT986468.1	172212	171679	-	157.2	127	https://v10-1.orthodb.org/?query=1257440at2759	PUA domain
1258856at2759	Complete	LT986478.1	453047	455440	+	337.1	567	https://v10-1.orthodb.org/?query=1258856at2759	Vps16, C-terminal
1259741at2759	Complete	LT986465.1	1080539	1081771	+	390.1	237	https://v10-1.orthodb.org/?query=1259741at2759	GPI-anchor transamidase
1260807at2759	Complete	LT986478.1	218634	217249	-	238.3	205	https://v10-1.orthodb.org/?query=1260807at2759	Protohaem IX farnesyltransferase
1264469at2759	Complete	LT986465.1	833235	834221	+	165.6	146	https://v10-1.orthodb.org/?query=1264469at2759	Ubiquinone biosynthesis protein Coq4
1266231at2759	Complete	LT986475.1	30403	31158	+	276.1	187	https://v10-1.orthodb.org/?query=1266231at2759	Ribosomal biogenesis, methyltransferase, EMG1/NEP1
1269244at2759	Complete	LT986465.1	743377	744177	+	69.5	113	https://v10-1.orthodb.org/?query=1269244at2759	RWD domain
1269649at2759	Complete	LT986477.1	580662	579844	-	274.0	165	https://v10-1.orthodb.org/?query=1269649at2759	K Homology domain
1275837at2759	Complete	LT986477.1	784105	783098	-	349.6	244	https://v10-1.orthodb.org/?query=1275837at2759	26S Proteasome non-ATPase regulatory subunit 7/8
1284731at2759	Complete	LT986477.1	48158	48877	+	94.0	112	https://v10-1.orthodb.org/?query=1284731at2759	K Homology domain, type 1
1287094at2759	Complete	LT986461.1	290525	289863	-	123.1	127	https://v10-1.orthodb.org/?query=1287094at2759	Snf7 family
1287401at2759	Complete	LT986478.1	294460	295359	+	244.1	163	https://v10-1.orthodb.org/?query=1287401at2759	Cytochrome c oxidase assembly protein CtaG/Cox11
1291729at2759	Complete	LT986477.1	41489	42070	+	54.4	101	https://v10-1.orthodb.org/?query=1291729at2759	GINS complex, subunit Psf3
1304061at2759	Complete	LT986476.1	222123	222740	+	172.8	129	https://v10-1.orthodb.org/?query=1304061at2759	RNA polymerase II subunit A
1309031at2759	Complete	LT986474.1	337725	335755	-	204.9	337	https://v10-1.orthodb.org/?query=1309031at2759	CDC45 family
1312453at2759	Complete	LT986463.1	425430	429791	+	498.3	646	https://v10-1.orthodb.org/?query=1312453at2759	WD40-repeat-containing domain
1314980at2759	Complete	LT986474.1	371097	373676	+	272.5	445	https://v10-1.orthodb.org/?query=1314980at2759	Cleavage and polyadenylation specificity factor subunit 2
1322299at2759	Complete	LT986465.1	1350505	1349099	-	198.1	281	https://v10-1.orthodb.org/?query=1322299at2759	U4/U6 small nuclear ribonucleoprotein Prp3
1322642at2759	Duplicated	LT986477.1	235440	234301	-	139.8	156	https://v10-1.orthodb.org/?query=1322642at2759	Endonuclease III homolog
1322642at2759	Duplicated	LT986461.1	121920	120724	-	146.3	143	https://v10-1.orthodb.org/?query=1322642at2759	Endonuclease III homolog
1323575at2759	Complete	LT986478.1	654484	655008	+	150.7	113	https://v10-1.orthodb.org/?query=1323575at2759	GNAT domain
1324510at2759	Complete	LT986465.1	1170529	1171992	+	233.9	234	https://v10-1.orthodb.org/?query=1324510at2759	NADPH
1338131at2759	Complete	LT986465.1	1101510	1100944	-	239.3	139	https://v10-1.orthodb.org/?query=1338131at2759	PIN domain
1339553at2759	Complete	LT986475.1	546867	548048	+	202.9	243	https://v10-1.orthodb.org/?query=1339553at2759	GPI transamidase subunit PIG-U
1342242at2759	Complete	LT986472.1	645646	647127	+	125.9	171	https://v10-1.orthodb.org/?query=1342242at2759	Aminomethyltransferase, folate-binding domain
1346165at2759	Complete	LT986466.1	373104	371878	-	288.6	265	https://v10-1.orthodb.org/?query=1346165at2759	DNA primase, small subunit
1346432at2759	Complete	LT986473.1	246558	245809	-	111.4	137	https://v10-1.orthodb.org/?query=1346432at2759	U3 small nucleolar RNA-associated protein 11
1348942at2759	Complete	LT986461.1	207311	208408	+	88.9	176	https://v10-1.orthodb.org/?query=1348942at2759	TAP46-like protein
1355894at2759	Complete	LT986478.1	784381	783797	-	163.2	139	https://v10-1.orthodb.org/?query=1355894at2759	GNAT domain
1358374at2759	Complete	LT986477.1	473013	474047	+	234.4	206	https://v10-1.orthodb.org/?query=1358374at2759	Zinc finger, CCCH-type
1364586at2759	Complete	LT986477.1	320022	320774	+	103.4	143	https://v10-1.orthodb.org/?query=1364586at2759	rRNA-processing protein Fcf1/Utp23
1370285at2759	Complete	LT986476.1	540428	537912	-	138.7	360	https://v10-1.orthodb.org/?query=1370285at2759	Conserved oligomeric Golgi complex subunit 6
1370304at2759	Complete	LT986468.1	57164	54969	-	161.8	346	https://v10-1.orthodb.org/?query=1370304at2759	-alpha-acetyltransferase 35, NatC auxiliary subunit
1377237at2759	Complete	LT986478.1	636717	637808	+	131.2	144	https://v10-1.orthodb.org/?query=1377237at2759	TIP41-like protein
1379600at2759	Complete	LT986472.1	388441	385976	-	211.6	433	https://v10-1.orthodb.org/?query=1379600at2759	Vps53-like, N-terminal
1380409at2759	Complete	LT986461.1	402486	401866	-	144.6	122	https://v10-1.orthodb.org/?query=1380409at2759	NFACT, RNA-binding domain
1382842at2759	Complete	LT986472.1	300176	299547	-	104.6	117	https://v10-1.orthodb.org/?query=1382842at2759	DNA replication complex GINS protein PSF2
1395649at2759	Complete	LT986462.1	170192	170725	+	46.2	119	https://v10-1.orthodb.org/?query=1395649at2759	Signal peptidase complex subunit 2
1398309at2759	Complete	LT986464.1	280628	280083	-	60.5	92	https://v10-1.orthodb.org/?query=1398309at2759	CXXC motif containing zinc binding protein, eukaryotic
1404162at2759	Complete	LT986463.1	348776	346923	-	143.7	202	https://v10-1.orthodb.org/?query=1404162at2759	Origin recognition complex, subunit 2
1405073at2759	Complete	LT986478.1	147865	148407	+	225.1	158	https://v10-1.orthodb.org/?query=1405073at2759	PUA domain
1405146at2759	Complete	LT986466.1	341647	340988	-	99.5	129	https://v10-1.orthodb.org/?query=1405146at2759	26S Proteasome non-ATPase regulatory subunit 9
1407446at2759	Complete	LT986474.1	259416	258871	-	38.4	87	https://v10-1.orthodb.org/?query=1407446at2759	SRP-independent targeting protein 2/TMEM208
1421503at2759	Complete	LT986478.1	205102	205728	+	166.2	108	https://v10-1.orthodb.org/?query=1421503at2759	Nuclear cap-binding protein subunit 2
1423847at2759	Complete	LT986477.1	294236	295336	+	225.8	257	https://v10-1.orthodb.org/?query=1423847at2759	RNA 3'-terminal phosphate cyclase domain
1426075at2759	Complete	LT986463.1	713070	712540	-	70.2	96	https://v10-1.orthodb.org/?query=1426075at2759	Trafficking protein particle complex subunit 2
1428265at2759	Complete	LT986478.1	141800	142804	+	153.2	206	https://v10-1.orthodb.org/?query=1428265at2759	Ubiquinol-cytochrome c chaperone, CBP3
1428854at2759	Complete	LT986478.1	742790	740127	-	376.3	352	https://v10-1.orthodb.org/?query=1428854at2759	RNA recognition motif domain
1430056at2759	Complete	LT986473.1	167202	166567	-	113.9	124	https://v10-1.orthodb.org/?query=1430056at2759	RNA polymerase Rpb7-like , N-terminal
1432328at2759	Complete	LT986476.1	623010	622081	-	217.2	179	https://v10-1.orthodb.org/?query=1432328at2759	Autophagy-related protein 3
1434266at2759	Complete	LT986465.1	1375569	1376450	+	92.5	149	https://v10-1.orthodb.org/?query=1434266at2759	DNA replication complex GINS protein SLD5
1440961at2759	Complete	LT986477.1	990408	991610	+	37.0	176	https://v10-1.orthodb.org/?query=1440961at2759	Rad1/Rec1/Rad17
1441854at2759	Complete	LT986472.1	564224	563250	-	211.7	207	https://v10-1.orthodb.org/?query=1441854at2759	Deoxyhypusine hydroxylase
1442062at2759	Complete	LT986476.1	394511	395989	+	92.5	184	https://v10-1.orthodb.org/?query=1442062at2759	Cytoplasmic tRNA 2-thiolation protein 2
1445102at2759	Complete	LT986478.1	881357	882157	+	178.6	190	https://v10-1.orthodb.org/?query=1445102at2759	Glycosyltransferase 2-like
1450538at2759	Complete	LT986475.1	24460	23465	-	74.7	126	https://v10-1.orthodb.org/?query=1450538at2759	Vta1, C-terminal
1454155at2759	Complete	LT986465.1	1328367	1329329	+	68.6	88	https://v10-1.orthodb.org/?query=1454155at2759	Cdk-activating kinase assembly factor MAT1, centre
1455730at2759	Fragmented	LT986461.1	78338	77202	-	130.5	258	https://v10-1.orthodb.org/?query=1455730at2759	SKI-interacting protein, SKIP
1459797at2759	Complete	LT986476.1	339198	338812	-	76.0	95	https://v10-1.orthodb.org/?query=1459797at2759	Prefoldin subunit 4
1474000at2759	Complete	LT986478.1	364334	363504	-	73.6	137	https://v10-1.orthodb.org/?query=1474000at2759	Translocation protein Sec62
1479417at2759	Complete	LT986468.1	512276	513856	+	280.7	167	https://v10-1.orthodb.org/?query=1479417at2759	SF3B4, RNA recognition motif 1
1488235at2759	Complete	LT986465.1	154163	153573	-	161.7	138	https://v10-1.orthodb.org/?query=1488235at2759	Adenylate kinase isoenzyme 6
1488436at2759	Complete	LT986478.1	891866	892309	+	121.5	62	https://v10-1.orthodb.org/?query=1488436at2759	DNA-directed RNA polymerase, 14-18kDa subunit, conserved site
1490022at2759	Complete	LT986472.1	465158	465754	+	165.5	169	https://v10-1.orthodb.org/?query=1490022at2759	SUI1 domain
1504863at2759	Complete	LT986465.1	918234	918893	+	107.0	112	https://v10-1.orthodb.org/?query=1504863at2759	Trafficking protein particle complex subunit
1513531at2759	Complete	LT986472.1	523289	523993	+	142.3	190	https://v10-1.orthodb.org/?query=1513531at2759	Pre-mRNA-splicing factor Isy1
1525971at2759	Complete	LT986463.1	646534	647091	+	90.0	79	https://v10-1.orthodb.org/?query=1525971at2759	Ubiquitin-like protein ATG12
1526152at2759	Missing
1530008at2759	Complete	LT986471.1	262035	261415	-	132.8	88	https://v10-1.orthodb.org/?query=1530008at2759	H/ACA ribonucleoprotein complex subunit
1538526at2759	Complete	LT986465.1	79323	79790	+	140.5	93	https://v10-1.orthodb.org/?query=1538526at2759	Ribosomal protein L7Ae/L30e/S12e/Gadd45
1545004at2759	Duplicated	LT986472.1	473092	473418	+	66.5	72	https://v10-1.orthodb.org/?query=1545004at2759	LSM domain, eukaryotic/archaea-type
1545004at2759	Duplicated	LT986472.1	181127	180876	-	71.4	63	https://v10-1.orthodb.org/?query=1545004at2759	LSM domain, eukaryotic/archaea-type
1552706at2759	Complete	LT986462.1	62254	61433	-	85.7	91	https://v10-1.orthodb.org/?query=1552706at2759	Signal recognition particle, SRP19 subunit
1558822at2759	Complete	LT986468.1	470396	470671	+	83.1	65	https://v10-1.orthodb.org/?query=1558822at2759	LSM domain, eukaryotic/archaea-type
1563319at2759	Missing
1567796at2759	Complete	LT986469.1	273432	272836	-	119.4	132	https://v10-1.orthodb.org/?query=1567796at2759	Prefoldin
1575179at2759	Complete	LT986473.1	176657	176989	+	27.8	43	https://v10-1.orthodb.org/?query=1575179at2759	COX assembly mitochondrial protein
1576404at2759	Complete	LT986465.1	759136	759660	+	52.6	142	https://v10-1.orthodb.org/?query=1576404at2759	Pre-mRNA-splicing factor  Cwf15/Cwc15
1588798at2759	Complete	LT986473.1	566517	565477	-	81.5	74	https://v10-1.orthodb.org/?query=1588798at2759	Anamorsin
1593937at2759	Complete	LT986470.1	263659	262310	-	47.7	128	https://v10-1.orthodb.org/?query=1593937at2759	Ribosomal protein S23/S29, mitochondrial
1617752at2759	Complete	LT986469.1	250709	250404	-	114.5	93	https://v10-1.orthodb.org/?query=1617752at2759	Transcription elongation factor SPT4
1620056at2759	Complete	LT986478.1	720266	720685	+	44.8	70	https://v10-1.orthodb.org/?query=1620056at2759	Ribosomal protein/NADH dehydrogenase domain
1623701at2759	Complete	LT986470.1	58956	58387	-	97.7	91	https://v10-1.orthodb.org/?query=1623701at2759	TMEM85/ER membrane protein complex subunit 4
1626636at2759	Fragmented	LT986465.1	274937	274356	-	56.3	89	https://v10-1.orthodb.org/?query=1626636at2759	Zinc finger, double-stranded RNA binding
1633672at2759	Complete	LT986475.1	503693	503427	-	105.5	81	https://v10-1.orthodb.org/?query=1633672at2759	LSM domain, eukaryotic/archaea-type
1645187at2759	Complete	LT986461.1	281771	281337	-	32.4	36	https://v10-1.orthodb.org/?query=1645187at2759	PDCD5-like
