{
    "parameters": {
        "out_path": "/workspace/biodivinfo/Session1",
        "cpu": "4",
        "force": "False",
        "restart": "False",
        "quiet": "False",
        "download_path": "/workspace/biodivinfo/Session1/busco_downloads",
        "datasets_version": "odb10",
        "offline": "False",
        "download_base_url": "https://busco-data.ezlab.org/v5/data/",
        "auto-lineage": "False",
        "auto-lineage-prok": "False",
        "auto-lineage-euk": "False",
        "use_augustus": "False",
        "use_miniprot": "False",
        "use_metaeuk": "True",
        "skip_bbtools": "False",
        "batch_mode": "False",
        "tar": "False",
        "opt-out-run-stats": "False",
        "in": "/workspace/biodivinfo/Session1/ncbi_dataset/data/GCA_900290405.1/GCA_900290405.1_SacJureiUoM1_genomic.fna",
        "out": "SacJurei",
        "mode": "euk_genome_met",
        "lineage_dataset": "/workspace/biodivinfo/Session1/busco_downloads/lineages/eukaryota_odb10",
        "main_out": "/workspace/biodivinfo/Session1/SacJurei",
        "lineage_results_dir": "run_eukaryota_odb10",
        "domain": "eukaryota",
        "max_intron": "130000",
        "max_seq_len": "160000",
        "orthodb_version": "10.1",
        "metaeuk_parameters": "",
        "metaeuk_rerun_parameters": "",
        "contig_break": "10",
        "scaffold_composition": "False",
        "gene_predictor": "metaeuk"
    },
    "lineage_dataset": {
        "name": "eukaryota_odb10",
        "creation_date": "2024-01-08",
        "number_of_buscos": "255",
        "number_of_species": "70"
    },
    "versions": {
        "hmmsearch": 3.1,
        "bbtools": null,
        "metaeuk": "7.bba0d80",
        "python": [
            3,
            9,
            19,
            "final",
            0
        ],
        "busco": "5.7.1"
    },
    "results": {
        "one_line_summary": "C:93.4%[S:92.2%,D:1.2%],F:1.2%,M:5.4%,n:255",
        "Complete percentage": 93.4,
        "Complete BUSCOs": 238,
        "Single copy percentage": 92.2,
        "Single copy BUSCOs": 235,
        "Multi copy percentage": 1.2,
        "Multi copy BUSCOs": 3,
        "Fragmented percentage": 1.2,
        "Fragmented BUSCOs": 3,
        "Missing percentage": 5.4,
        "Missing BUSCOs": 14,
        "n_markers": 255,
        "avg_identity": null,
        "domain": "eukaryota",
        "internal_stop_codon_count": 0,
        "internal_stop_codon_percent": 0,
        "Number of scaffolds": "18",
        "Number of contigs": "18",
        "Total length": "11938758",
        "Percent gaps": "0.000%",
        "Scaffold N50": "738741",
        "Contigs N50": "738741"
    },
    "metrics": {
        "Number of scaffolds": "18",
        "Number of contigs": "18",
        "Total length": "11938758",
        "Percent gaps": "0.000%",
        "Scaffold N50": "738741",
        "Contigs N50": "738741"
    }
}